,,,,
transaction_timestamp,Time the transaction was made,,,
transaction_id,Unique ID for the transaction,,,
user_account_number,Account number the transaction was made from,,,
vendor_id,Unique ID of the vendor,,,
vendor_category_code,Category code of vendor,,,
transaction_value,Transaction value in GBP,,,
pos_input_method,Point Of Sale entry mode,,,
cash_available,Available money in account before transaction,,,
vendor_country,Unique ID of vendor’s country,,,
vendor_zip_code,Zip code of vendor’s postal region,,,
,,,,
 POS Input Method for VISA,,,,
CODE,DESCRIPTION,,,
[Blank],"Unknown, default to 00",,,
0,Terminal not used,,,
1,Key entry,,,
2,Magnetic strip read (general or track 2),,,
3,Bar code read (Visa only),,,
4,OCR read,,,
5,Chip card read-data reliable,,,
6,Track 1 read,,,
7,Proximity payment originating using VSDC chip data rules,,,
90,Entire content of magnetic stripe was transmitted in authorization request (CVV),,,
91,Proximity payment originating using magnetic strip data rules,,,
95,Initiated by chip card: CVV data may be unreliable,,,
